# Normalpriser indtastet i hånden. Den vigtigste priskilde, ikke reservevejen:
# API-undersøgelsen fandt kun ÉN af de 14 kæder, der kan hentes automatisk.
#
# Kolonnen er chain_slug, ikke chain_id. Kædernes id'er er uigennemsigtige
# Tjek-id'er (bdf5A er føtex), og ingen kan redigere dem i hånden.
#
# pack_unit SKAL være varens egen base_unit. 400 g hakket oksekød skrives som
# pack_qty 0.4 og pack_unit kg — ikke 400 g. Uden den regel betyder unit_price
# to forskellige ting på to rækker, og så kan kæderne ikke sammenlignes.
# Importøren afviser rækken og siger hvilken linje.
#
# pack_qty er den KØBTE mængde, ikke den brugbare. Et blomkålshoved vejer ~1 kg
# i kurven, selv om items.piece_g siger 500 g — piece_g er det, der ender i
# gryden. Samme skel er grunden til, at opgave 1 ikke omregnede stk-tilbud.
#
# PRISEN SKRIVES MED PUNKTUM: 15.95, ikke 15,95. Et komma deler feltet i to, og
# alt efter det rykker én kolonne til venstre — pack_price ville blive 15 og
# observed_at '95'. Importøren tæller felterne og afviser linjen, men det er
# den fejl, filen er lettest at lave.
#
# observed_at er ÅÅÅÅ-MM-DD, og det skal være den dag, prisen faktisk stod på
# hylden. Datoen er ikke dokumentation: den styrer valid_until, og dermed
# hvornår arbejdslisten (npm run prices:worklist) beder om varen igen.
#
# AT SLETTE EN LINJE SLETTER IKKE PRISEN. Importøren indsætter og opdaterer,
# den sletter aldrig — en halvt gemt fil ville ellers kunne tage rigtige priser
# med sig. Fjerner du en linje, siger importøren til sidst, at rækken stadig
# står i basen, og så skal den slettes i hånden med SQL. Det gælder også, hvis
# du sætter et # foran linjen.
#
# Filen er git-versioneret med vilje: ændrer en pris sig fra 15.95 til 18.50,
# kan man se hvornår og hvorfor. Det kan en admin-side i appen ikke.
#
# ── Om tallene nedenfor ─────────────────────────────────────────────────────
# agurk, squash og appelsin er varer, avisen kun prissætter pr. stk, så
# bootstrappen ikke kunne give dem noget. (Blomkål, broccoli og peberfrugt stod
# her også; REMA's egne priser har overtaget dem — se nederst.)
# Priserne er TYPISKE hyldepriser i en dansk
# discountbutik — ikke aflæst på en bestemt bon — og pakkevægten er den købte
# vægt, ikke items.piece_g. Til sammenligning står avisens TILBUDSpris i
# parentes; en normalpris skal ligge over den.
#   agurk       1 stk ~400 g   (tilbud set: 6-8 kr/stk)
#   blomkaal    1 hoved ~1 kg  (tilbud set: 12-15 kr/stk)
#   broccoli    1 hoved ~400 g (tilbud set: 14-15 kr/stk)
#   peberfrugt  1 stk ~180 g   (tilbud set: 6 kr/stk)
#   squash      1 stk ~350 g   (tilbud set: 5 kr/stk)
#   appelsin    net 1,5 kg     (avisen har kun "Orange ilddæmon" til 1999,20 —
#                               et stykke legetøj koblet på varen)
#
# DE TRE RÆKKER ER DATERET 2026-01-01 MED VILJE, og det er ikke en fejl, der
# skal rettes til i dag. Ingen har set de priser på en hylde; de er typiske tal,
# der gør varerne prissætbare i mellemtiden. Med dagens dato ville de blive
# 'manual' med et friskt valid_until og forsvinde fra arbejdslisten i 90 dage —
# altså slukke for netop den påmindelse, der skal få nogen til at læse den
# rigtige hyldepris. Med en gammel dato er de udløbet fra fødslen og bliver
# ved med at stå på listen, til et menneske har været i butikken.
#
# Når du HAR set prisen: skriv din pris og DIN dato — den dag, du så den.
#
# selleri er afgjort: BLADSELLERI. Varens synonymer dækker både blad- og
# knoldselleri, men opskrifterne mener stængler — målt: 136 af 157 linjer er
# "celery sticks" / "stængler bladselleri", 21 er knoldselleri. Prisen er
# REMA's "Selleri med top", 15 kr pr. bundt, set i deres API 2026-09-25. REMA
# sælger den kun pr. stk, så vægten er SKØNNET til 0,5 kg; et bundt med top
# vejer 400-600 g. Er du i butikken, så vej et og ret tallet.
#
# vin er REMA's "Faina 11%", rød og hvid, 1 l til 29 kr — den billigste
# bordvin og den oplagte at lave mad med — og "El Senvino" 0,375 l til 25 kr.
# Begge set i REMA's API 2026-09-25. To pakker med vilje: en ret, der skal
# bruge et glas, skal kunne vælge den lille flaske frem for en hel liter.
#
# Version 1: disse REMA-priser bruges som SKØN for alle de andre kæder, indtil
# kædens egen pris er tastet ind her. Se engine.withEstimates.
item_key,chain_slug,pack_qty,pack_unit,pack_price,observed_at
selleri,rema1000,0.5,kg,15.00,2026-09-25
vin,rema1000,1,l,29.00,2026-09-25
vin,rema1000,0.375,l,25.00,2026-09-25
agurk,rema1000,0.4,kg,10.00,2026-01-01
squash,rema1000,0.35,kg,9.00,2026-01-01
appelsin,rema1000,1.5,kg,25.00,2026-01-01
hakket_oksekoed,rema1000,0.4,kg,32.00,2026-09-15
# Fjernet 2026-09-28: blomkaal (1 kg, 18 kr), broccoli (0,4 kg, 16 kr),
# peberfrugt (0,18 kg, 8 kr) og kartofler (2 kg, 15,95 kr). REMA's egne
# hyldepriser i data/rema-prices.csv dækker dem nu, og brugerens valg er, at de
# indtastede må overskrives for nu (REMA_BEATS_MANUAL i src/prices/rema-store.js).
# Står en af dem her igen, sletter prices:import-rema den hver nat, så længe
# flaget står på true.
floede,netto,0.25,l,9.50,2026-09-15
