# REMA 1000's hyldepriser, hentet fra deres API af `npm run prices:rema`.
#
# Version 1 bruger dem som SKØN for alle 14 kæder, indtil en kædes egen pris
# er tastet ind i data/item_prices.csv. Filen er git-versioneret med vilje:
# en prisændring kan læses i en diff, og den natlige kørsel indlæser den med
# `npm run prices:import-rema` uden at kontakte REMA.
#
# Forny den ved at køre `npm run prices:rema` og committe resultatet —
# friske varer udløber efter 90 dage. Ret den ikke i hånden: næste hentning
# skriver den forfra. En pris, der skal tilsidesættes, hører i item_prices.csv.
#
# 'product' er det REMA-produkt, prisen kommer fra. Det står der, så et
# forkert match kan ses: "SKINKESALAT" som pris på skinke er en fejl.
item_key,pack_qty,pack_unit,pack_price,unit_price,observed_at,product
aeble,1.5,kg,18,12,2026-09-25T08:07:03.130Z,ÆBLER I POSE
aeg,6,stk,16.5,2.75,2026-09-25T08:07:03.130Z,LILLEPUTTER ÆG
aeggeblomme,0.23,kg,22.95,99.7826,2026-09-25T08:07:03.130Z,ÆGGEBLOMMER
aeggehvide,0.23,kg,22.95,99.7826,2026-09-25T08:07:03.130Z,ÆGGEHVIDER
aerter,0.6,kg,10.36,17.2667,2026-09-25T08:07:03.130Z,FINE ÆRTER
ananas,0.34,kg,13.46,39.5882,2026-09-25T08:07:03.130Z,ANANAS I RINGE
and,0.6,kg,59.95,99.9167,2026-09-25T08:07:03.130Z,ANDEBRYSTSTEG
ansjoser,0.1,kg,29.95,299.5,2026-09-25T08:07:03.130Z,ANSJOSFILETER
asparges,0.27,kg,13.47,49.8889,2026-09-25T08:07:03.130Z,ASPARGESSNITTER
avocado,0.2,kg,16.95,84.75,2026-09-25T08:07:03.130Z,AVOCADO I TERN
bacon,0.3,kg,19.11,63.7,2026-09-25T08:07:03.130Z,BACONMIX
baer,0.4,kg,12,30,2026-09-25T08:07:03.130Z,JORDBÆR
blomkaal,0.35,kg,13.95,39.8571,2026-09-25T08:07:03.130Z,BLOMKÅLSRIS
boef,0.18,kg,59.95,333.0556,2026-09-25T08:07:03.130Z,RUMP STEAK
boennespirer,0.15,kg,12,80,2026-09-25T08:07:03.130Z,BØNNESPIRER
bonner,0.6,kg,8.97,14.95,2026-09-25T08:07:03.130Z,HARICOTS VERTS
broccoli,0.4,kg,13.95,34.875,2026-09-25T08:07:03.130Z,BROCCOLI
bulgur,0.4,kg,15.16,37.9,2026-09-25T08:07:03.130Z,BULGUR
burrata,0.12,kg,19.95,166.25,2026-09-25T08:07:03.130Z,BURRATA
champignon,0.4,kg,19,47.5,2026-09-25T08:07:03.130Z,CHAMPIGNON
chips,0.25,kg,11.7,46.8,2026-09-25T08:07:03.130Z,BARBECUE CHIPS
chokolade,0.1,kg,9.95,99.5,2026-09-25T08:07:03.130Z,MØRK CHOKOLADE
citron,0.25,kg,9,36,2026-09-25T08:07:03.130Z,ØKO. CITRONER
cornichoner,0.19,kg,9.91,52.1579,2026-09-25T08:07:03.130Z,CORNICHONER
creme_fraiche,0.5,kg,17.95,35.9,2026-09-25T08:07:03.130Z,FRAICHE 9%
druer,0.5,kg,24,48,2026-09-25T08:07:03.130Z,RØDE DRUER STENFRI
feta,0.2,kg,19.95,99.75,2026-09-25T08:07:03.130Z,GRÆSK FETAOST
fiskefars,0.4,kg,34.95,87.375,2026-09-25T08:07:03.130Z,FINTHAKKET FISKEFARS
flaeskesteg,1.5,kg,125,83.3333,2026-09-25T08:07:03.130Z,FLÆSKESTEG 1,5-1,8 KG
flodeost,0.15,kg,15.5,103.3333,2026-09-25T08:07:03.130Z,FLØDEOST
floede,0.5,l,14.95,29.9,2026-09-25T08:07:03.130Z,PISKEFLØDE 36% FEDT
frikadeller,0.09,kg,5,55.5556,2026-09-25T08:07:03.130Z,GRÆSKE FRIKADELLER
gnocchi,0.5,kg,19.96,39.92,2026-09-25T08:07:03.130Z,GNOCCHI
gulerod,1,kg,12,12,2026-09-25T08:07:03.130Z,GULERØDDER
gurkemeje,0.04,kg,9.67,241.75,2026-09-25T08:07:03.130Z,STØDT GURKEMEJE
hakkede_tomater,0.4,kg,6.37,15.925,2026-09-25T08:07:03.130Z,HAKKEDE TOMATER
hakket_svinekoed,0.5,kg,24.95,49.9,2026-09-25T08:07:03.130Z,HK. GRISEKØD 8-12%
havregryn,1,kg,7.95,7.95,2026-09-25T08:07:03.130Z,HAVREGRYN FINVALSEDE
hel_kylling,1.35,kg,49.95,37,2026-09-25T08:07:03.130Z,HEL KYLLING
husblas,0.02,kg,10.24,512,2026-09-25T08:07:03.130Z,HUSBLAS
hvidloeg,0.09,kg,6,66.6667,2026-09-25T08:07:03.130Z,HVIDLØG I NET
hytteost,0.45,kg,14.92,33.1556,2026-09-25T08:07:03.130Z,HYTTEOST 1,5%
ingefaer,0.2,kg,14,70,2026-09-25T08:07:03.130Z,ØKO. INGEFÆR
jalapeno,0.22,kg,8.5,38.6364,2026-09-25T08:07:03.130Z,JALAPENOS I SKIVER
jordskokker,0.1,kg,1.5,15,2026-09-25T08:07:03.130Z,ØKO. JORDSKOKKER
kaernemaelk,1,l,13.95,13.95,2026-09-25T08:07:03.130Z,KÆRNEMÆLK 0,3%
kaffe,0.4,kg,35.95,89.875,2026-09-25T08:07:03.130Z,FORMALET KAFFE
kalkun,0.12,kg,14.95,124.5833,2026-09-25T08:07:03.130Z,KALKUNBRYST
kapers,0.06,kg,7.89,131.5,2026-09-25T08:07:03.130Z,KAPERS
kardemomme,0.095,kg,12,126.3158,2026-09-25T08:07:03.130Z,KARDEMOMME
kartofler,2,kg,18,9,2026-09-25T08:07:03.130Z,SKRÆLLE KARTOFLER
kikaerter,0.24,kg,7.86,32.75,2026-09-25T08:07:03.130Z,KIKÆRTER
kiks,0.2,kg,4.32,21.6,2026-09-25T08:07:03.130Z,MARIE KIKS
kokosmaelk,0.165,l,3.69,22.3636,2026-09-25T08:07:03.130Z,KOKOSMÆLK LIGHT
kokosmel,0.2,kg,14.95,74.75,2026-09-25T08:07:03.130Z,KOKOSMEL
kokosolie,0.25,l,30.81,123.24,2026-09-25T08:07:03.130Z,KOKOSOLIE
kylling,0.5,kg,32.95,65.9,2026-09-25T08:07:03.130Z,KYLLINGEVINGER
kyllingebryst,0.28,kg,27.95,99.8214,2026-09-25T08:07:03.130Z,KYLLINGEBRYSTFILET
kyllingelaar,1.25,kg,44.95,35.96,2026-09-25T08:07:03.130Z,HELE KYLLINGELÅR
kaal,1,kg,8,8,2026-09-25T08:07:03.130Z,HVIDKÅL
laks,0.2,kg,18.95,94.75,2026-09-25T08:07:03.130Z,LAKSEPATÉ
linser,0.4,kg,16.95,42.375,2026-09-25T08:07:03.130Z,GRØNNE LINSER
loeg,1,kg,12,12,2026-09-25T08:07:03.130Z,LØG
maelk,1,l,9.95,9.95,2026-09-25T08:07:03.130Z,SKUMMETMÆLK
majs,0.285,kg,7.91,27.7544,2026-09-25T08:07:03.130Z,MAJS
makrel,0.125,kg,14.95,119.6,2026-09-25T08:07:03.130Z,FINDELT MAKREL
mango,0.25,kg,16.95,67.8,2026-09-25T08:07:03.130Z,MANGO
mascarpone,0.25,kg,22.95,91.8,2026-09-25T08:07:03.130Z,MASCARPONE
miso,0.0907,kg,12,132.3043,2026-09-25T08:07:03.130Z,PREMIUM SPICY MISO
mozzarella,0.125,kg,6.95,55.6,2026-09-25T08:07:03.130Z,MOZZARELLA
noedder,0.1,kg,8.95,89.5,2026-09-25T08:07:03.130Z,MANDLER
nudler,0.25,kg,7.07,28.28,2026-09-25T08:07:03.130Z,NUDLER
oksekoed,0.4,kg,37.95,94.875,2026-09-25T08:07:03.130Z,HK. OKSEKØD 15-18%
oliven,0.2,kg,13.16,65.8,2026-09-25T08:07:03.130Z,GRØNNE OLIVEN
ost,0.2,kg,17.95,89.75,2026-09-25T08:07:03.130Z,BLÅHVID OST
paere,1,kg,20,20,2026-09-25T08:07:03.130Z,CLARA FRIJS PÆRER
parmesan,0.2,kg,37.95,189.75,2026-09-25T08:07:03.130Z,GRANA PADANO
pasta,1,kg,8.95,8.95,2026-09-25T08:07:03.130Z,SPAGHETTI
peberfrugt,0.18,kg,12.23,67.9444,2026-09-25T08:07:03.130Z,PEBERFRUGT STRIMLER
persille,0.075,kg,13.05,174,2026-09-25T08:07:03.130Z,PERSILLE
pesto,0.13,kg,7.16,55.0769,2026-09-25T08:07:03.130Z,GRØN PESTO
pinjekerner,0.03,kg,12,400,2026-09-25T08:07:03.130Z,PINJEKERNER
pizza,0.478,kg,20,41.841,2026-09-25T08:07:03.130Z,HAWAIIAN PIZZA
poelser,0.55,kg,24.95,45.3636,2026-09-25T08:07:03.130Z,GRILLPØLSER
paalaeg,0.2,kg,14.58,72.9,2026-09-25T08:07:03.130Z,MORTADELLA
rejer,0.2,kg,29.95,149.75,2026-09-25T08:07:03.130Z,VANNAMEI REJER KOGTE
ricotta,0.25,kg,12.95,51.8,2026-09-25T08:07:03.130Z,RICOTTA
ris,1,kg,11.95,11.95,2026-09-25T08:07:03.130Z,PARBOILED RIS
rodspaette,0.5,kg,59.95,119.9,2026-09-25T08:07:03.130Z,STORE VESTERHAVS RØDSPÆTTER
roedbede,1,kg,13,13,2026-09-25T08:07:03.130Z,ØKO. RØDBEDER
salat,0.075,kg,10,133.3333,2026-09-25T08:07:03.130Z,ØKO. SALAT MIX
sambal_oelek,0.2,kg,11.48,57.4,2026-09-25T08:07:03.130Z,SAMBAL OELEK
sesamfroe,0.15,kg,12.95,86.3333,2026-09-25T08:07:03.130Z,SESAMFRØ
sild,0.255,kg,19.95,78.2353,2026-09-25T08:07:03.130Z,SENNEPS SILD
skinke,0.2,kg,16.95,84.75,2026-09-25T08:07:03.130Z,SKINKE I STRIMLER
skyr,1,kg,19.95,19.95,2026-09-25T08:07:03.130Z,SKYR VANILJE 0,2 %
spinat,0.75,kg,9.95,13.2667,2026-09-25T08:07:03.130Z,HAKKET SPINAT
stenbiderrogn,0.05,kg,19.95,399,2026-09-25T08:07:03.130Z,SORT STENBIDERROGN
suppe,1,kg,20.04,20.04,2026-09-25T08:07:03.130Z,HØNSEKØDSSUPPE
tahini,0.3,kg,24.95,83.1667,2026-09-25T08:07:03.130Z,TAHIN
the,0.2,kg,35.04,175.2,2026-09-25T08:07:03.130Z,MIN EGEN BLANDING TE
toerret_frugt,0.25,kg,12.95,51.8,2026-09-25T08:07:03.130Z,ROSINER
tomat,0.12,kg,2.88,24,2026-09-25T08:07:03.130Z,TOMATER VEJ SELV
torsk,0.225,kg,49.95,222,2026-09-25T08:07:03.130Z,TORSKEFILETER
tun,0.15,kg,10,66.6667,2026-09-25T08:07:03.130Z,YELLOWFIN TUN I VAND
